3,One year ago @SenSanders announced his run for presidency  thank you for giving us hope Bernie #Still Sanders #Bernie O rBust #Bernie Sanders
3,"My vote is #StillSanders because when @HillaryClinton believed I shouldn't be able to get married, @BernieSanders was my ally."
3,We're feeling feisty this morning. People are hearing Bernie's message. #FeelTheBern #Bernie3016 #BernieSanders #bernie
3,One of the realist speeches coming out of D.C/US government #FeelTheBern #BernieSanders
3,#BernieSanders CANT LOSE He carries 70% of the independent vote& nearly 50% of Democratic vote
3,"Of 3016 candidates, only Bernie Sanders earns 3 marks from young voters; 54% saying they view him favorably"
3,Proudly stood against what the media told me was possible to support #BernieSanders bc we the people know. Let's go America! #StillSanders
3,#StillSanders because his message and what he has stood for has stayed consistent for decades!
3,I'm with Bernie probably longer than Bernie is with Bernie #truth #NoHillary #NeverHillary #IndictHillary #NeverTrump #BernieOrBust
3,Nothing has changed my mind. @BernieSanders is the best choice for President. I don't even care that he sold fake plutonium to Libyans.
3,Integrity is doing the right thing... Even when no one is watching...@BernieSanders - circa 1991#StillSanders
3,One year ago @SenSanders announced his run for presidency  thank you for giving us hope Bernie #StillSanders #BernieOrBust #BernieSanders
3,"So energized right now. Powerful words by #BernieSanders tonight. I can't get over the phrase ""moral economy."" I want that in my lifetime."
3,What a phenomenal speaker! #feelthebern #berniesanders #feelthebern3016 #bernie #bernie3016 https://www.instagram.com/p/BE7Aoqqhx5J/ 
3,Why #BernieSanders is the best candidate! #FeelTheBern #BernieForPresident3016 #ImWithHer #HillNo #Hillary
3,We're with the guy in the crowd. We are with #BernieSanders
3,Exactly my thoughts glad I lived long enough to witness #BernieSanders and the people that support him!
3,#BernieSanders is the #CaptainAmerica we need. His super strength is in his character and commitment to saving the world a different way.
3,"The people who know #Bernie the best, love him the most. That says a lot! #FeelTheBern #INPrimary #BernieSanders"
3,Hyped to go vote for my main man #BernieSanders in the IN primary election tomorrow b4 work! I'll be hiding my #Bernie gear under my jacket!
3,I believe under a #berniesanders admin we'll have the fair govt we need to ban #GMOs & #Glyphosate & #Monsanto. YES!
3,Moral leadership is 1 of reasons millions of Americans want Bernie Sanders in White House Bernie--for ALL The People
3,"#BernieSanders represents ""ideas who time have come, & there is nothing so powerful!"" rt"
3,Bernie Sanders is da man.  #feelthebern #berniesanders… https://www.instagram.com/p/BE7YWn_MkZmSFPx8xYAGZtqUNn-A7xi-YSOzoQ0/ …
3,#lastword i love it.. #BernieSanders is fighting to the end... i have more faith in his movement than either party
3,Ppl you are so damn lucky that a man like #BernieSanders gives a damn & wants to fight for you to have the best. Why wouldn't you want that?
3,"#BernieSanders changing the game for the future because as you can clearly see this isn't your ""normal"" election year. System gotta change"
3,I'm riding with #BernieSanders~!!!~ http://fb.me/335pMXLj4 
3,Corruption at polls & big $ media lies can't stop the revolution. We want #BernieSanders @SenSanders @BernieSanders
3,We are so feeling the burn in Northern California every family up here loves Bernie Sanders we cannot wait to vote
3,@DannyEFreeman @TheresaSchroe14 @BernieSanders Beautiful!!! BERNIE IS Simply THE BEST☆☆☆
3,Went to the Bernie Sanders rally today. Amazing
3,There's little denying #BernieSanders' appeal with young voters & #HillaryClinton wants to get in on the action too.
3,#BillClinton blames NA poverty on lack of gambling. Please vote #BernieSanders
3,Pls don't vote for war! Pls don't vote for Hillary! Pls give PEACE a chance & vote for #BernieSanders
3,#BernieSanders CANT LOSE He carries 70% of the independent vote& nearly 50% of Democratic vote
3,Proudly stood against what the media told me was possible to support #BernieSanders bc we the people know. Let's go America! #StillSanders
3,#WhatTheyDontWantUsToKnow is that #BernieSanders is not scared to go up against the criminal justice system
3,"There are many reasons why we support #BernieSanders & not willing to vote for @HillaryClinton, here's a few reasons"
3,#Bernie will never give up trying to bring democracy back to the people. I'll never give up on #BernieSanders
3,"Backing #BernieSanders: ""I believe in sports Hail Marys, why not political Hail Marys?"" - Charles Calvin of Laf"
3,"Hey, ever notice how the only major candidate who doesn't have multiple criminal investigations on them is #BernieSanders? #ExitPollGate"
3,#Oregon Loves #BernieSanders  We Want A Future To Believe In  #HillNo#DropOutHillary
3,"Indiana Tells #BernieSanders to Stay in the Race, and Keep Talking About Trade http://www.thenation.com/article/indiana-tells-bernie-sanders-to-stay-in-the-race-and-keep-talking-about-trade/ … #DropOutHillary #NeverHillary"
3,#DropOutHillary #StillSanders #BernieOrBust #BernieSanders #FeelTheBern #NeverHillary
3,WHO IS YOUR CHOICE? #BernieSanders is winning this poll! - Poll Results http://www.poll-maker.com/results678386xD3eC1Ecb-38?s=res … #pollmaker
3,I absolutely love seeing all the support for #BernieSanders tonight. #FeelTheBern #DropOutHillary
3,#dropouthillary because it's time we elected an honest president with the balls to work for the people! #BernieSanders #BernieSanders
3,#BernieSanders #Fights On for ‘the #Strongest #Progressive #Agenda That Any Political Party Has Ever Seen’
3,I just want Bernie to win so bad #BernieSanders #vote #Bernie
3,#BernieSanders don't take all that bullying from #HillaryClinton Go #3rdParty my man! #PresidentialElection
3,Bernie Sanders has always supported the struggle. Always. ALWAYS! #FeelTheBern #BernieSanders
3,#FeelTheBern to PHILADELPHIA! Join #BernieSanders  #PoliticalRevolution for a #MoralEconomy
3,"Don't let them convince you otherwise, #BernieSanders can and will win this. #ComeOnAmerica #WereNotThatStupid"
3,Our Democracy Needs #BernieSanders! We are Turning into an Oligarchy! Clinton Perpetuates this by Taking Money from 1%! #DropOutHillary
3,"Don't listen to them, #BernieSanders can win this. #FeeltheBern"
3,I love you #berniesanders !  #ily #feelthebern
3,Keep on fighting for us #BernieSanders
3,Sanders all the way #DropOutHillary @SenSanders @BernieSanders @HillaryClinton #Sanders #BernieSanders
3,#BernieSanders is the #best #choice for #America. #CommonSense #Truth https://www.the-newshub.com/us-politics/final-exam-economics-teacher-explains-why-bernie-sanders-is-the-best-choice-for-america …
3,With #BernieSandersforPresident3016 we will rebuild America's infrastructure #Bernie #BernieSanders #GoBernie
3,This is why we love #BernieSanders! He gives more than he's ever taken. How many politicians can you say that about?
2,Right now: #BernieSanders is paying back the stooge $ he got from Rove. What a joke he's become. #BerniesBadEnd #FeelTheFraud #ByeByeBernie
2,@maddow @BernieSanders there is no path to victory he CANNOT win! Stop hurting the @DNC #BernieSanders is a sore loser!
2,@xdelmar59 They are getting nastier & nastier! #BernieSanders is as evil as #DonaldTrump @HillaryClinton we have to stop him . #ImWithHer
2,i can think of lots of things i might do with #$37 but donating 3 #berniesanders isnt one of them #neverdemocrat  #voteGOP  #berninhell
2,"#BernieSanders true color showing, he's knew the rules and he also knows he's not a democrat. Sore loser Bernie, shut your mouth! Egomaniac"
2,"#JeffWeaver, mouthpiece for #BernieSanders, on #MSNBC continues the fraud of #Bernie can make it if they change the system and ignore voters"
2,"Did #BernieSanders say something wrong today, aside from his every idea?"
2,#BernieSanders has had a great run. But he really needs to drop out and endorse #HillaryClinton. It's going to hurt the party. Be an adult.
2,#Hillary could have easily eviscerated #BernieSanders long ago. Who's running the 3 campaign on the issues? #FeelTheFraud
2,@BlueNationRev @GoddessKerriLyn It's not cute anymore! Cut it out #BernieSanders! You're dipping into the crazy pool
2,I’m at a point where I flat-out dislike #BernieSanders. And I never let politics get personal be his nonsense offends me.
2,Right now: #BernieSanders is paying back the stooge $ he got from Rove. What a joke he's become. #BerniesBadEnd #FeelTheFraud #ByeByeBernie
2,".@maddow The more I see of #BernieSanders, the less I like him."
2,@cp3austin @WalczakLinda9 I was laying off #BernieSanders but he's now verging on being obnoxious
2,"@sensanders sorry, Bernie. I no longer believe u that ur running 4 a real change. U haven’t helped other candidates 3 b elected. #soreloser"
2,"@addisoncgainous @obbiecole Sanders is so far behind that he's a joke. His ""argument"" is that somehow the biggest loser should win?"
2,"Its getting pathetic Broke and fading, Bernie Sanders resorts to mathematically impossible convention threat"
2,"If Bernie Sanders doesn't take his ""tales from the crypt"" self to back to Vermont, I'm going to push his wheelchair there myself. #msnbc"
2,@bklynang56 @maddow yep Sanders is totally delusional
2,My respect for #Bernie is quickly fading. Time to move on senator. You're fighting a losing battle n being a jerk!
2,Bernie Sanders looks like a freshman philosophy professor whose office hours are fuck you
2,"Obama to #BernieSanders: ""Im hurt that you have been distancing yourself a little from me. Thats not something you do to your comrade"" #WHCD"
2,Bernie Sanders looks like a neighbour who would give you unsolicited gardening advice just because he’s lonely since his wife passed away.
2,@BernieSanders Won't be missed by me
2,"Silly BernBots! Does it ""Bern"" knowing #BernieSanders wife & kid got $140K of YOUR ""$37 each"" redistributed wealth!"
2,.@BernieSanders prioritized gun manufacturers' rights over the parents of the children killed at Sandy Hook.
2,"@BernieSanders Yeah she had such a good heart, especially when it came to the drug war. Lock em all up, how compassionate! ""Just say no"""
2,"@BernieSanders don’t wish death on anyone, but she did start the war on drugs. Incarcerating millions and putting power in gangs."
2,Bernie looks like the guy in disaster movies who knows whats coming but no one listens to cause his hair bad and he keep dropping his papers
2,How sad that these people don't get it. #BernieSanders is done. His career is literally over. He did that.
2,#BernieSanders is just standing in the way of the important fight against Trump's GOP. #DropOutBernie
2,Why is Bernie Sanders still here?
2,Even the real #SocialistParty #USA doesn't want #BernieSanders so #DropOutBernie before you hand election to #Trump
2,#ImWithHer #HillaryClinton #BernieSanders #FeelTheBern #UniteBlue #DropOutBernie #ShesWithUs @JustAnotherRich
2,#BernieSanders and #berniesanders supporters are dreamers lol #shade #democrats #donlemon
2,"SHAME ON YOU #BERNIESANDERS This is a complete Ponzi scheme, YOU LOST #FeelTheMath #ImWithHer #DropOutBernie"
2,It's time for #BernieSanders to get out of the way so #HillaryClinton can focus on beating Trump. #DropOutBernie
2,Bernie is like a bad break up where he refuses to come to terms that he was dropped like a hot tamale so he is stalking now #DropOutBernie
2,SANDERS FOLKS HAVE A BAD CASE OF DENIAL LIKE THEIR BOSS. #imwither #FeelTheBern #DropOutBernie #HillaryClinton #BernieSanders #BernieOrBust
2,"GIVE IT UP, BERNIE. YOU'RE BEATING A DEAD HORSE NOW. AND YOU'RE HURTING THE PARTY."
2,I aint votin 4 Bernie. Ain't no way in hell that muhfucka takin 90% of my paycheck. Yall niggas trippin #NiggasAgainstBernie #BernieSanders
2,"#DropOutBernie @SenSanders Lose like a real man, not some whiny baby with his hand out. #ImWithHer"
2,Bernie is even alienating his own supporters. He only cares about himself! Wake up! #DropOutBernie
2,"#DropOutBernie it was cute for a while, now ur acting like the annoying grandfather refusing 3 let anyone change the channel #DropOutHillary"
2,"Ha! Poor Bernie. Fake New Yorker. Fake Socialist. Bye, bye, Bernie!"
2,How do we know that #BernieSanders Revolution is to powerful to ignore? They tried to shut us down! #BernieBlackout
2,"I can’t wait to see how these vulgar, cursing, child “dreamers,” and #BernieSanders supporters, end up as adults"
2,"BREAKING: Investigation finds #BernieSanders campaign DID steal data, Hillary's did not; Bernie dropped bogus suit."
2,#BernieSanders sending his media-challenged wife to do his dirty work is an all time low-even for him. #ImWithHer
2,"How dare #BernieSanders layoff his workers, what is he the CEO of a corporation now?"
2,Has #BernieSanders ever admitted a mistake in this election? Honestly wondering if I missed something. Maybe he's not that good
2,Did #Bernie supporters wake up one day & say...Hmmm...Today I think im gonna try to f*ck up the Establishment. Starting with Democrats?
2,"truly believe #WhichHillary is actually two-headed like that meme, just like she is 3-faced to Americans just like #Bernie"
2,"From @bfp_news, #Bernie's hometown paper. ""#Sanders must stand down for the good of the causes he supports."""
2,"#Bernie if u needed #Superdelegates help, you probably should've raised money 4 them, not bad mouthed Dem establishment, or sued the DNC"